LISTA,CANDIDATO
PARTITO COMUNISTA MARCO RIZZO,MONICA SIGISMONDI
PARTITO COMUNISTA MARCO RIZZO,LIZ GIULIANA ARCE ORTIZ
PARTITO COMUNISTA MARCO RIZZO,GENNARO CICALA
PARTITO COMUNISTA MARCO RIZZO,FULVIO CILENTO
PARTITO COMUNISTA MARCO RIZZO,VITTORIO CLEMENTI
PARTITO COMUNISTA MARCO RIZZO,VLADIMIRO D'ANGELO
PARTITO COMUNISTA MARCO RIZZO,PASQUALE FRANZESE
PARTITO COMUNISTA MARCO RIZZO,MASSIMO GODDI
PARTITO COMUNISTA MARCO RIZZO,CATIA JACHETTI
PARTITO COMUNISTA MARCO RIZZO,MASSIMILIANO LEONELLI
PARTITO COMUNISTA MARCO RIZZO,VALERIO MARTINI
PARTITO COMUNISTA MARCO RIZZO,LOREDANA MASSARO
PARTITO COMUNISTA MARCO RIZZO,DANIELE MAZZENGA
PARTITO COMUNISTA MARCO RIZZO,GABRIELLA MAZZULLO
PARTITO COMUNISTA MARCO RIZZO,DAVIDE PARISI
PARTITO COMUNISTA MARCO RIZZO,CLAUDIO PELLEGRINI
PARTITO COMUNISTA MARCO RIZZO,DONATELLA PROIETTI
PARTITO COMUNISTA MARCO RIZZO,DORIANA VALLI
PARTITO COMUNISTA MARCO RIZZO,BRUNO ZANNI
CALENDA SINDACO,MARIA CRISTINA CADOLINI
CALENDA SINDACO,PATRIZIA DI CARLO
CALENDA SINDACO,SUSANNA BELLI
CALENDA SINDACO,CECILIA BERSANI
CALENDA SINDACO,ALESSANDRO BONACCI
CALENDA SINDACO,DAVIDE DELLI QUADRI
CALENDA SINDACO,GIORGIO PIO DI RUSCIO
CALENDA SINDACO,VITTORIO D'ORSI
CALENDA SINDACO,MARIA SUSANNA GARRONI
CALENDA SINDACO,ALBERTO GHILARDI
CALENDA SINDACO,MASSIMILIANO GIOACCHINI
CALENDA SINDACO,ANGELA LUCA
CALENDA SINDACO,ALESSANDRO MANNA
CALENDA SINDACO,VIVIANA OLIVADESE
CALENDA SINDACO,FRANCESCO PREZIOSO
CALENDA SINDACO,ENRICO RONCONI
CALENDA SINDACO,Marija SERGIEVSKAIA
CALENDA SINDACO,DIANA SEVERATI
CALENDA SINDACO,FEDERICA SPAGNOLETTI
CALENDA SINDACO,EVA TROIANI
CALENDA SINDACO,ANNAMARIA VICARETTI
CALENDA SINDACO,FABIO VITTORINI
CALENDA SINDACO,FRANCA ZAPPACOSTA
CALENDA SINDACO,CARLO ZAUPA
REVOLUZIONE CIVICA,FABRIZIO FRATTALI
REVOLUZIONE CIVICA,FRANCESCO CAPPELLA
REVOLUZIONE CIVICA,ALESSANDRO DAVOLI
REVOLUZIONE CIVICA,MARCO DI MICO
REVOLUZIONE CIVICA,ALESSANDRA MANCINI
REVOLUZIONE CIVICA,VALERIA VELATI
REVOLUZIONE CIVICA,GIANLUCA MONTI
REVOLUZIONE CIVICA,LIDIA MERLO
REVOLUZIONE CIVICA,MARINA CICCACCI
REVOLUZIONE CIVICA,MATTEO CAMPEGIANI
REVOLUZIONE CIVICA,MARCELLO BELLINI
REVOLUZIONE CIVICA,GIANCARLO BEI
REVOLUZIONE CIVICA,ELISA PILATO
REVOLUZIONE CIVICA,CLAUDIO MELINI
REVOLUZIONE CIVICA,ALESSANDRA MASSA
REVOLUZIONE CIVICA,GABRIELLA SPINUCCI
REVOLUZIONE CIVICA,ALDO LANZA
RICONQUISTARE L'ITALIA,ANDREA SCOTTO
RICONQUISTARE L'ITALIA,GILBERTO TROMBETTA
RICONQUISTARE L'ITALIA,MARCO GUIDI
RICONQUISTARE L'ITALIA,SERGIO LAGO
RICONQUISTARE L'ITALIA,ALESSANDRA CONTIGIANI
RICONQUISTARE L'ITALIA,MATTEO D'AMMORA
RICONQUISTARE L'ITALIA,STELLA GEMOTTINE WESTER
RICONQUISTARE L'ITALIA,CATERINA PALMERI
RICONQUISTARE L'ITALIA,MIRKO MASTRONARDI
RICONQUISTARE L'ITALIA,ROBERTA DAMIANI
RICONQUISTARE L'ITALIA,ALESSIO ABEI
RICONQUISTARE L'ITALIA,MAURIZIO DAMIANI
RICONQUISTARE L'ITALIA,ALESSANDRO ABEI
RICONQUISTARE L'ITALIA,EMILIANO ALFEDI
RICONQUISTARE L'ITALIA,SIMONE CHECCHI
RICONQUISTARE L'ITALIA,FLAMINIA DE PINTO
RICONQUISTARE L'ITALIA,MARIA ROSARIA TEDESCHI
RICONQUISTARE L'ITALIA,LUCA PACIOTTI
RICONQUISTARE L'ITALIA,CECILIA CLEMENTI
RICONQUISTARE L'ITALIA,ERMELINDA LEO
RICONQUISTARE L'ITALIA,PAOLO LUCIO FANELLI
MOVIMENTO STORICO ROMANO LISTA NERONE,CLAUDIO ANGELINI
MOVIMENTO STORICO ROMANO LISTA NERONE,MARIATERESA BIFULCO
MOVIMENTO STORICO ROMANO LISTA NERONE,BARBARA KATARZYNA BODNAR
MOVIMENTO STORICO ROMANO LISTA NERONE,GIANCARLO CARLONE
MOVIMENTO STORICO ROMANO LISTA NERONE,PIERLUIGI MARIA CARTONI
MOVIMENTO STORICO ROMANO LISTA NERONE,STEFANO CASINI
MOVIMENTO STORICO ROMANO LISTA NERONE,CARMELO CATANZARO
MOVIMENTO STORICO ROMANO LISTA NERONE,GABRIELE CIPRIANI
MOVIMENTO STORICO ROMANO LISTA NERONE,ANGELA CREA
MOVIMENTO STORICO ROMANO LISTA NERONE,MICHELE FORGIONE
MOVIMENTO STORICO ROMANO LISTA NERONE,MARIA RITA LEONARDI
MOVIMENTO STORICO ROMANO LISTA NERONE,VERENA LUTHI
MOVIMENTO STORICO ROMANO LISTA NERONE,FLUTURA MALOKU
MOVIMENTO STORICO ROMANO LISTA NERONE,TOSHKA MARINOVA MARINOVA
MOVIMENTO STORICO ROMANO LISTA NERONE,FABIO SANTINI
MOVIMENTO STORICO ROMANO LISTA NERONE,MARCO NARDELLA
EUROPA VERDE ECOLOGISTA - EUROPEAN GREEN PARTY - VERDI,HASSAN BASSI
EUROPA VERDE ECOLOGISTA - EUROPEAN GREEN PARTY - VERDI,MARCO PAPI
EUROPA VERDE ECOLOGISTA - EUROPEAN GREEN PARTY - VERDI,ANTONELLA MASSIMO ESPOSITO
EUROPA VERDE ECOLOGISTA - EUROPEAN GREEN PARTY - VERDI,FILIPPO MAROLLA
EUROPA VERDE ECOLOGISTA - EUROPEAN GREEN PARTY - VERDI,PAOLO GUIDO LUIGI MENICHETTI
EUROPA VERDE ECOLOGISTA - EUROPEAN GREEN PARTY - VERDI,SILVIA BARISANO
EUROPA VERDE ECOLOGISTA - EUROPEAN GREEN PARTY - VERDI,FRANCESCO PETTINI
EUROPA VERDE ECOLOGISTA - EUROPEAN GREEN PARTY - VERDI,DANIELA BRANDI
EUROPA VERDE ECOLOGISTA - EUROPEAN GREEN PARTY - VERDI,ALESSANDRO GIOVANNETTI
EUROPA VERDE ECOLOGISTA - EUROPEAN GREEN PARTY - VERDI,LETIZIA MASCIA
EUROPA VERDE ECOLOGISTA - EUROPEAN GREEN PARTY - VERDI,GIULIO SPAZIANI
EUROPA VERDE ECOLOGISTA - EUROPEAN GREEN PARTY - VERDI,FEDERICA PROIETTI
EUROPA VERDE ECOLOGISTA - EUROPEAN GREEN PARTY - VERDI,LUCA BOCCOLI
EUROPA VERDE ECOLOGISTA - EUROPEAN GREEN PARTY - VERDI,ELENA VOCI
EUROPA VERDE ECOLOGISTA - EUROPEAN GREEN PARTY - VERDI,CLAUDIO STRINA APPOLLONI
EUROPA VERDE ECOLOGISTA - EUROPEAN GREEN PARTY - VERDI,ANDREA LIEDL
EUROPA VERDE ECOLOGISTA - EUROPEAN GREEN PARTY - VERDI,FRANCESCA TURCHI
ROMA FUTURA FEMMINISTA EGUALITARIA ECOLOGISTA,FRANCESCA PORCARI
ROMA FUTURA FEMMINISTA EGUALITARIA ECOLOGISTA,MAURO ASTUTO
ROMA FUTURA FEMMINISTA EGUALITARIA ECOLOGISTA,IRENE ALTERIO
ROMA FUTURA FEMMINISTA EGUALITARIA ECOLOGISTA,LINO BORDIN
ROMA FUTURA FEMMINISTA EGUALITARIA ECOLOGISTA,PAMELA CECCARELLI
ROMA FUTURA FEMMINISTA EGUALITARIA ECOLOGISTA,MASSIMO CARDONE
ROMA FUTURA FEMMINISTA EGUALITARIA ECOLOGISTA,ALESSIA LECCESE
ROMA FUTURA FEMMINISTA EGUALITARIA ECOLOGISTA,DAVIDE DE LUCA
ROMA FUTURA FEMMINISTA EGUALITARIA ECOLOGISTA,ELENA PAPARELLA
ROMA FUTURA FEMMINISTA EGUALITARIA ECOLOGISTA,LORENZO GASPARRINI
ROMA FUTURA FEMMINISTA EGUALITARIA ECOLOGISTA,FLAVIA TUCCI
ROMA FUTURA FEMMINISTA EGUALITARIA ECOLOGISTA,MATTEO LUPPINO
ROMA FUTURA FEMMINISTA EGUALITARIA ECOLOGISTA,ANNA VENTRELLA
ROMA FUTURA FEMMINISTA EGUALITARIA ECOLOGISTA,ROBERTO MAMMARO
ROMA FUTURA FEMMINISTA EGUALITARIA ECOLOGISTA,SABRINA ZUNNUI
ROMA FUTURA FEMMINISTA EGUALITARIA ECOLOGISTA,FABRIZIO MENCARONI
ROMA FUTURA FEMMINISTA EGUALITARIA ECOLOGISTA,PASQUALE PESCE
ROMA FUTURA FEMMINISTA EGUALITARIA ECOLOGISTA,LUCA SCORSONELLI
ROMA FUTURA FEMMINISTA EGUALITARIA ECOLOGISTA,MICHELE TANTILLO
ROMA FUTURA FEMMINISTA EGUALITARIA ECOLOGISTA,MICHELE ZACCONE
SINISTRA CIVICA ECOLOGISTA,SUSANNA CROSTELLA
SINISTRA CIVICA ECOLOGISTA,FABIO MAGRINI
SINISTRA CIVICA ECOLOGISTA,FAUSTA NATELLA
SINISTRA CIVICA ECOLOGISTA,ITALO ALLEGRINI
SINISTRA CIVICA ECOLOGISTA,TERESA BISIGNANI
SINISTRA CIVICA ECOLOGISTA,MATTEO BUONGARZONI
SINISTRA CIVICA ECOLOGISTA,MARILISA CALO'
SINISTRA CIVICA ECOLOGISTA,ANDREA COSTA
SINISTRA CIVICA ECOLOGISTA,ALESSANDRO ROLANDO DE TONI
SINISTRA CIVICA ECOLOGISTA,ELIANA IOCCHI GRATTA
SINISTRA CIVICA ECOLOGISTA,MICHELE LACAVA
SINISTRA CIVICA ECOLOGISTA,GISELA MAGGI
SINISTRA CIVICA ECOLOGISTA,SANDRA MARTELLA
SINISTRA CIVICA ECOLOGISTA,ALESSANDRA MARTINELLI
SINISTRA CIVICA ECOLOGISTA,CRISTINA MATTIELLO
SINISTRA CIVICA ECOLOGISTA,SALVATORE PANICO
SINISTRA CIVICA ECOLOGISTA,MARIO PORCARELLI
SINISTRA CIVICA ECOLOGISTA,SOLANGE MARIE JOANNE SAVOI
SINISTRA CIVICA ECOLOGISTA,ISABELLA TEMPERELLI
SINISTRA CIVICA ECOLOGISTA,LUCA TOMASSINI
SINISTRA CIVICA ECOLOGISTA,FRANCESCA VERBICARO
PD PARTITO DEMOCRATICO,AUGUSTO ROSSI
PD PARTITO DEMOCRATICO,ALESSIA SALMONI
PD PARTITO DEMOCRATICO,ALESSANDRO CALOGERO ALONGI
PD PARTITO DEMOCRATICO,FLAVIA BALESTRIERI
PD PARTITO DEMOCRATICO,ANTONIO STEFANO CARIDI
PD PARTITO DEMOCRATICO,CLARISSA CECI
PD PARTITO DEMOCRATICO,SANDRA CERCHI
PD PARTITO DEMOCRATICO,ISABELLA COGNATTI
PD PARTITO DEMOCRATICO,CRISTIAN CUSELLA
PD PARTITO DEMOCRATICO,FRANCESCO DI CARLO
PD PARTITO DEMOCRATICO,LAURA DI DOMENICO
PD PARTITO DEMOCRATICO,GIULIO DI RIENZO
PD PARTITO DEMOCRATICO,CONCETTA FABRIZI
PD PARTITO DEMOCRATICO,LUCIA FIORILLO
PD PARTITO DEMOCRATICO,FRANCESCO GERACI
PD PARTITO DEMOCRATICO,RENATO MIDIRI
PD PARTITO DEMOCRATICO,EMANUELA PACIUCCI
PD PARTITO DEMOCRATICO,CLAUDIO PIOMBO
PD PARTITO DEMOCRATICO,CONSTANTIN POPA
PD PARTITO DEMOCRATICO,THRESIAMMA PUTHOOR
PD PARTITO DEMOCRATICO,MARIO SALA
PD PARTITO DEMOCRATICO,SILVIA TOMASSETTI
PD PARTITO DEMOCRATICO,DANIELE TRICARICO
PD PARTITO DEMOCRATICO,DEBORA VALENTINI
LISTA CIVICA GUALTIERI SINDACO,MARIA STELLA SQUILLACE
LISTA CIVICA GUALTIERI SINDACO,SIMONE COLAFRANCESCHI
LISTA CIVICA GUALTIERI SINDACO,FABRIZIO BELLOMO
LISTA CIVICA GUALTIERI SINDACO,FRANCESCA BELPERIO
LISTA CIVICA GUALTIERI SINDACO,MAURIZIO BONADIES
LISTA CIVICA GUALTIERI SINDACO,ROBERTA BRIOTTI
LISTA CIVICA GUALTIERI SINDACO,LAURA CASERTA
LISTA CIVICA GUALTIERI SINDACO,LUCIANO CAVALLI
LISTA CIVICA GUALTIERI SINDACO,LUCA CHIESI
LISTA CIVICA GUALTIERI SINDACO,GIANNA COSTANTINI
LISTA CIVICA GUALTIERI SINDACO,LAURA D'ALESSIO
LISTA CIVICA GUALTIERI SINDACO,DANIELA D'ORAZIO
LISTA CIVICA GUALTIERI SINDACO,VALERIO DEL POPOLO
LISTA CIVICA GUALTIERI SINDACO,DAVIDE FEDERICI
LISTA CIVICA GUALTIERI SINDACO,EMILIANO GIOVAGNORIO
LISTA CIVICA GUALTIERI SINDACO,FLAVIO QUAGLIERO
LISTA CIVICA GUALTIERI SINDACO,SIMONE SAGNOTTI
LISTA CIVICA GUALTIERI SINDACO,SIMONETTA TROMBETTA
LISTA CIVICA GUALTIERI SINDACO,ARIANNA UGOLINI
DEMOS DEMOCRAZIA SOLIDALE,MARCO DONATI
DEMOS DEMOCRAZIA SOLIDALE,ARMANDO ALVITI
DEMOS DEMOCRAZIA SOLIDALE,FILIPPO BACCHETTI
DEMOS DEMOCRAZIA SOLIDALE,BARBARA BASSETTI
DEMOS DEMOCRAZIA SOLIDALE,MICHELE BONONI
DEMOS DEMOCRAZIA SOLIDALE,VINCENZO CORIA
DEMOS DEMOCRAZIA SOLIDALE,DOMENICO FERRELI
DEMOS DEMOCRAZIA SOLIDALE,ERIKA GAMBERALE
DEMOS DEMOCRAZIA SOLIDALE,MONICA GARATTONI
DEMOS DEMOCRAZIA SOLIDALE,GERMANO GIOVAGNORIO
DEMOS DEMOCRAZIA SOLIDALE,DARIO LAURENZI
DEMOS DEMOCRAZIA SOLIDALE,FABIO LIBERATORI
DEMOS DEMOCRAZIA SOLIDALE,SIMONA MANGANARO
DEMOS DEMOCRAZIA SOLIDALE,SILVIA MAURO
DEMOS DEMOCRAZIA SOLIDALE,SILVIA MINELLI
DEMOS DEMOCRAZIA SOLIDALE,SILVANA ROSA PESCOSOLIDO
DEMOS DEMOCRAZIA SOLIDALE,FLAVIO PIZZA
DEMOS DEMOCRAZIA SOLIDALE,GIAN MATTEO SABATINO
DEMOS DEMOCRAZIA SOLIDALE,LAILA SHAH
DEMOS DEMOCRAZIA SOLIDALE,SILVIA SILVESTRI
DEMOS DEMOCRAZIA SOLIDALE,ANTARES MORENO VALENTI
DEMOS DEMOCRAZIA SOLIDALE,FRANCESCO VENEZIANO
DEMOS DEMOCRAZIA SOLIDALE,ANNA MARIA ZIELLA
DEMOS DEMOCRAZIA SOLIDALE,FRANCESCA ZIZZA
LEGA SALVINI PREMIER,GIOVANNI PICONE
LEGA SALVINI PREMIER,VALERIA CAMPANA
LEGA SALVINI PREMIER,LUCIA BELLISTRI
LEGA SALVINI PREMIER,ANDREA CAPPOTTO
LEGA SALVINI PREMIER,MARIA CRISTINA CECCARELLI
LEGA SALVINI PREMIER,WALTER CILLAROTO
LEGA SALVINI PREMIER,AMLETO CORTESE
LEGA SALVINI PREMIER,LUIGI D'AMORE
LEGA SALVINI PREMIER,MASSIMO DEL ROSSI
LEGA SALVINI PREMIER,CRISTINA FLATI
LEGA SALVINI PREMIER,SIMONA GUIDOBALDI
LEGA SALVINI PREMIER,FABRIZIO INTINO
LEGA SALVINI PREMIER,MAILA LAMPISTI
LEGA SALVINI PREMIER,LORENZO MAULICINO
LEGA SALVINI PREMIER,ALESSANDRO RAFFAELE ETTORE MESSINA
LEGA SALVINI PREMIER,VALENTINA OLIVIERI
LEGA SALVINI PREMIER,MONICA ORTENZI
LEGA SALVINI PREMIER,CHRISTIAN PETRECCHIA
LEGA SALVINI PREMIER,MARCO POZZUOLI
LEGA SALVINI PREMIER,LUCA SALVONI
LEGA SALVINI PREMIER,ERNESTA TARQUINI
LEGA SALVINI PREMIER,ALEXANDRA VENANZI
LEGA SALVINI PREMIER,CLAUDIO VENTURA
LEGA SALVINI PREMIER,WLADYMIRO WYSOCKI
RINASCIMENTO SGARBI MICHETTI SINDACO CAMBIAMO ROMA,ROBERTO ALTIERI
RINASCIMENTO SGARBI MICHETTI SINDACO CAMBIAMO ROMA,DARIO BARONI
RINASCIMENTO SGARBI MICHETTI SINDACO CAMBIAMO ROMA,MARCO BARRACCA
RINASCIMENTO SGARBI MICHETTI SINDACO CAMBIAMO ROMA,ANNARITA CARLADAMI DI FRANCESCO
RINASCIMENTO SGARBI MICHETTI SINDACO CAMBIAMO ROMA,RENATA CORRADINO
RINASCIMENTO SGARBI MICHETTI SINDACO CAMBIAMO ROMA,RAIMONDO D'AMICO
RINASCIMENTO SGARBI MICHETTI SINDACO CAMBIAMO ROMA,MARIO DE ROSA
RINASCIMENTO SGARBI MICHETTI SINDACO CAMBIAMO ROMA,ANTONIO FAVALE
RINASCIMENTO SGARBI MICHETTI SINDACO CAMBIAMO ROMA,GABRIO FORTI
RINASCIMENTO SGARBI MICHETTI SINDACO CAMBIAMO ROMA,AGOSTINO FRACCASCIA
RINASCIMENTO SGARBI MICHETTI SINDACO CAMBIAMO ROMA,PIERLUIGI LEMBO
RINASCIMENTO SGARBI MICHETTI SINDACO CAMBIAMO ROMA,MAURO LIGUORI
RINASCIMENTO SGARBI MICHETTI SINDACO CAMBIAMO ROMA,PATRIZIA MAROCCHI
RINASCIMENTO SGARBI MICHETTI SINDACO CAMBIAMO ROMA,CINZIA MARTIN
RINASCIMENTO SGARBI MICHETTI SINDACO CAMBIAMO ROMA,VERONICA PAVIA
RINASCIMENTO SGARBI MICHETTI SINDACO CAMBIAMO ROMA,CINZIA PONZIANI
RINASCIMENTO SGARBI MICHETTI SINDACO CAMBIAMO ROMA,ANTONELLA PONZIANI
RINASCIMENTO SGARBI MICHETTI SINDACO CAMBIAMO ROMA,ELISA SANDONNINI
RINASCIMENTO SGARBI MICHETTI SINDACO CAMBIAMO ROMA,MASSIMO STRAFFI
RINASCIMENTO SGARBI MICHETTI SINDACO CAMBIAMO ROMA,GOFFREDO VELLUCCI
RINASCIMENTO SGARBI MICHETTI SINDACO CAMBIAMO ROMA,JESSICA GRECO
RINASCIMENTO SGARBI MICHETTI SINDACO CAMBIAMO ROMA,FRANCESCO GIRELLI
FORZA ITALIA - BERLUSCONI PER MICHETTI - LIBERTAS - UNIONE,PAOLO ALBERTI
FORZA ITALIA - BERLUSCONI PER MICHETTI - LIBERTAS - UNIONE,ANDREA BELFRONTE
FORZA ITALIA - BERLUSCONI PER MICHETTI - LIBERTAS - UNIONE,GIULIANO BISENTI
FORZA ITALIA - BERLUSCONI PER MICHETTI - LIBERTAS - UNIONE,EITAN BONDI'
FORZA ITALIA - BERLUSCONI PER MICHETTI - LIBERTAS - UNIONE,LUCA BRECCIAROLI
FORZA ITALIA - BERLUSCONI PER MICHETTI - LIBERTAS - UNIONE,ANTONIO CANTALUPO
FORZA ITALIA - BERLUSCONI PER MICHETTI - LIBERTAS - UNIONE,FEDERICO CIOTTI
FORZA ITALIA - BERLUSCONI PER MICHETTI - LIBERTAS - UNIONE,LORENA CIUCCI
FORZA ITALIA - BERLUSCONI PER MICHETTI - LIBERTAS - UNIONE,ELIANA ANDRADA CRECAN
FORZA ITALIA - BERLUSCONI PER MICHETTI - LIBERTAS - UNIONE,GIOVANNA DE MARCHIS
FORZA ITALIA - BERLUSCONI PER MICHETTI - LIBERTAS - UNIONE,EUGENIO DE ZULIANI
FORZA ITALIA - BERLUSCONI PER MICHETTI - LIBERTAS - UNIONE,ELENA DIMIAN
FORZA ITALIA - BERLUSCONI PER MICHETTI - LIBERTAS - UNIONE,LORENZO DURASTANTE
FORZA ITALIA - BERLUSCONI PER MICHETTI - LIBERTAS - UNIONE,LUIGI GUIDI
FORZA ITALIA - BERLUSCONI PER MICHETTI - LIBERTAS - UNIONE,DENIS KRAJA
FORZA ITALIA - BERLUSCONI PER MICHETTI - LIBERTAS - UNIONE,NICOLA ANTONIO LA FORTUNA
FORZA ITALIA - BERLUSCONI PER MICHETTI - LIBERTAS - UNIONE,AMBRA MAZZIA
FORZA ITALIA - BERLUSCONI PER MICHETTI - LIBERTAS - UNIONE,ALESSIA MONGHINI
FORZA ITALIA - BERLUSCONI PER MICHETTI - LIBERTAS - UNIONE,EMILIANO PAESANI
FORZA ITALIA - BERLUSCONI PER MICHETTI - LIBERTAS - UNIONE,ROBERTA PERUFFO
FORZA ITALIA - BERLUSCONI PER MICHETTI - LIBERTAS - UNIONE,ALESSANDRO RINALDI
FORZA ITALIA - BERLUSCONI PER MICHETTI - LIBERTAS - UNIONE,ALESSANDRA RIZZO
FORZA ITALIA - BERLUSCONI PER MICHETTI - LIBERTAS - UNIONE,FEDERICA SEREGNI
LISTA CIVICA MICHETTI SINDACO,PAOLA BRUNI
LISTA CIVICA MICHETTI SINDACO,COSIMA CARBUTTI
LISTA CIVICA MICHETTI SINDACO,DANIELA CERINO
LISTA CIVICA MICHETTI SINDACO,MARCO CESAREO
LISTA CIVICA MICHETTI SINDACO,CLAUDIO CORSI
LISTA CIVICA MICHETTI SINDACO,FRANCESCO PAOLO DEL GAUDIO
LISTA CIVICA MICHETTI SINDACO,JONATHAN DI SEGNI
LISTA CIVICA MICHETTI SINDACO,ALESSIO FIORILLO
LISTA CIVICA MICHETTI SINDACO,FABRIZIO MACCHIONI
LISTA CIVICA MICHETTI SINDACO,LUCA MASTRODOMENICO
LISTA CIVICA MICHETTI SINDACO,PATRIZIA MOSCATELLI
LISTA CIVICA MICHETTI SINDACO,VALERIA PISTILLI
LISTA CIVICA MICHETTI SINDACO,DOMENICO ROSSI
LISTA CIVICA MICHETTI SINDACO,FEDERICO SACCHETTI
LISTA CIVICA MICHETTI SINDACO,RODICA STREJA
LISTA CIVICA MICHETTI SINDACO,MARCO TARTAGLIA
GIORGIA MELONI FRATELLI D'ITALIA,GIANNI DE LUCIA
GIORGIA MELONI FRATELLI D'ITALIA,FRANCO BERNARDINI
GIORGIA MELONI FRATELLI D'ITALIA,FABRIZIO BIANCO
GIORGIA MELONI FRATELLI D'ITALIA,PIERCARLO BOGGIO
GIORGIA MELONI FRATELLI D'ITALIA,SABINA BRINATI
GIORGIA MELONI FRATELLI D'ITALIA,CRISTINA CASALDI
GIORGIA MELONI FRATELLI D'ITALIA,ALEXANDRU MARIAN COLABELLI
GIORGIA MELONI FRATELLI D'ITALIA,ADA MARIA PATRIZIA de IULIO
GIORGIA MELONI FRATELLI D'ITALIA,AMEDEA di SOMMA
GIORGIA MELONI FRATELLI D'ITALIA,DEMETRIO EGIDI
GIORGIA MELONI FRATELLI D'ITALIA,CELESTINO LEONETTI
GIORGIA MELONI FRATELLI D'ITALIA,CARLO MAMMUCARI
GIORGIA MELONI FRATELLI D'ITALIA,ROBERTA MORICCIOLI
GIORGIA MELONI FRATELLI D'ITALIA,MILO MANCINI
GIORGIA MELONI FRATELLI D'ITALIA,ANTONELLA MURANO
GIORGIA MELONI FRATELLI D'ITALIA,CLAUDIA MUROLO
GIORGIA MELONI FRATELLI D'ITALIA,DANIELA PANDOLFI
GIORGIA MELONI FRATELLI D'ITALIA,ALESSANDRO PETROLI
GIORGIA MELONI FRATELLI D'ITALIA,ARCANGELO PICCA
GIORGIA MELONI FRATELLI D'ITALIA,ANDREA SALVITTI
GIORGIA MELONI FRATELLI D'ITALIA,LUCIA SBANO
GIORGIA MELONI FRATELLI D'ITALIA,CARLO SENSI
GIORGIA MELONI FRATELLI D'ITALIA,MANUEL TONATI
GIORGIA MELONI FRATELLI D'ITALIA,CRISTINA VALERI
MOVIMENTO CINQUE STELLE 2050,LORENZO DI RUSSO
MOVIMENTO CINQUE STELLE 2050,FABRIZIO TASSINI
MOVIMENTO CINQUE STELLE 2050,FEDERICA DE RUVO
MOVIMENTO CINQUE STELLE 2050,ALESSIA NATALIZI
MOVIMENTO CINQUE STELLE 2050,LEONARDO CAPUTO
MOVIMENTO CINQUE STELLE 2050,SABRINA CORMONS
MOVIMENTO CINQUE STELLE 2050,MADHAVA AIELLO
MOVIMENTO CINQUE STELLE 2050,FRANCESCA GROSSETO
MOVIMENTO CINQUE STELLE 2050,DARIO SPADACCINI
MOVIMENTO CINQUE STELLE 2050,MARIA ROSARIA LACOPO
MOVIMENTO CINQUE STELLE 2050,PIETRO SCIASCIA
MOVIMENTO CINQUE STELLE 2050,FRANCESCO DE FEO
MOVIMENTO CINQUE STELLE 2050,MADDALENA DI BARTOLOMEO
MOVIMENTO CINQUE STELLE 2050,DAVIDE PULZELLA
MOVIMENTO CINQUE STELLE 2050,SALVATORE CARDI'
MOVIMENTO CINQUE STELLE 2050,EMILIANO BELVISO
MOVIMENTO CINQUE STELLE 2050,MARIA CRISTINA CHIAPPORI
MOVIMENTO CINQUE STELLE 2050,TATIANA MENICHELLI
MOVIMENTO CINQUE STELLE 2050,DANIELA MUSSO
MOVIMENTO CINQUE STELLE 2050,ISABELLA RAGUZZI
MOVIMENTO CINQUE STELLE 2050,SILVIA CRESCIMANNO
MOVIMENTO CINQUE STELLE 2050,VALERIO MARIA VACCHINI
MOVIMENTO CINQUE STELLE 2050,MARIA NOVELLA TERRIBILI
MOVIMENTO CINQUE STELLE 2050,FRANCESCA BUSA'
LISTA CIVICA VIRGINIA RAGGI,RAIMONDO ROSSI
LISTA CIVICA VIRGINIA RAGGI,MARIA FRANCESCA BENVENUTI
LISTA CIVICA VIRGINIA RAGGI,MAURO PISTONE
LISTA CIVICA VIRGINIA RAGGI,STEFANIA SCARAMELLA
LISTA CIVICA VIRGINIA RAGGI,LUCA DI STEFANO
LISTA CIVICA VIRGINIA RAGGI,LAURA CENCI
LISTA CIVICA VIRGINIA RAGGI,FABIO FILIPPO ROSSI
LISTA CIVICA VIRGINIA RAGGI,MICHELA PETTORALI
LISTA CIVICA VIRGINIA RAGGI,STELIO VISCHETTI
LISTA CIVICA VIRGINIA RAGGI,DONATELLA D'URSO
LISTA CIVICA VIRGINIA RAGGI,ALESSANDRO CESARINI
LISTA CIVICA VIRGINIA RAGGI,VALENTINA RONCO
LISTA CIVICA VIRGINIA RAGGI,MARCO ROMANO
LISTA CIVICA VIRGINIA RAGGI,DANIELA PIERGALLINI
LISTA CIVICA VIRGINIA RAGGI,LORENZO D'AURIA
LISTA CIVICA VIRGINIA RAGGI,ANNUNZIATA GUIDONI
LISTA CIVICA VIRGINIA RAGGI,FEDERICO VALENTINI
LISTA CIVICA VIRGINIA RAGGI,FRANCESCA MARCHETTI
LISTA CIVICA VIRGINIA RAGGI,ULLAH MD.SHAHID
LISTA CIVICA VIRGINIA RAGGI,ANTONELLA MORELLI
LISTA CIVICA VIRGINIA RAGGI,MASSIMILIANO ENEI
LISTA CIVICA VIRGINIA RAGGI,GIORGIO PIETROBELLI
CULTURA E INNOVAZIONE ROMA ECOLOGISTA VIRGINIA RAGGI SINDAC,GIULIO GONNELLA
CULTURA E INNOVAZIONE ROMA ECOLOGISTA VIRGINIA RAGGI SINDAC,BARBARA DI DOMENICO
CULTURA E INNOVAZIONE ROMA ECOLOGISTA VIRGINIA RAGGI SINDAC,MANUELA MIRAGLIA
CULTURA E INNOVAZIONE ROMA ECOLOGISTA VIRGINIA RAGGI SINDAC,TAMARA NALE
CULTURA E INNOVAZIONE ROMA ECOLOGISTA VIRGINIA RAGGI SINDAC,SERGIO CALABRO'
CULTURA E INNOVAZIONE ROMA ECOLOGISTA VIRGINIA RAGGI SINDAC,EMANUELA PENNACCHINI
CULTURA E INNOVAZIONE ROMA ECOLOGISTA VIRGINIA RAGGI SINDAC,MARINA SILVI
CULTURA E INNOVAZIONE ROMA ECOLOGISTA VIRGINIA RAGGI SINDAC,MIRKO MASSARINI
CULTURA E INNOVAZIONE ROMA ECOLOGISTA VIRGINIA RAGGI SINDAC,MANUELA COLUZZI
CULTURA E INNOVAZIONE ROMA ECOLOGISTA VIRGINIA RAGGI SINDAC,SIMONE CUCUZZOLI
CULTURA E INNOVAZIONE ROMA ECOLOGISTA VIRGINIA RAGGI SINDAC,BRUNO BEFFA
CULTURA E INNOVAZIONE ROMA ECOLOGISTA VIRGINIA RAGGI SINDAC,ANTONIO VITILLO
CULTURA E INNOVAZIONE ROMA ECOLOGISTA VIRGINIA RAGGI SINDAC,BRUNA ANTONELLI
CULTURA E INNOVAZIONE ROMA ECOLOGISTA VIRGINIA RAGGI SINDAC,GIOVANNI OGNIBENE
CULTURA E INNOVAZIONE ROMA ECOLOGISTA VIRGINIA RAGGI SINDAC,ANTONIO FERNANDO CASTALDO
CULTURA E INNOVAZIONE ROMA ECOLOGISTA VIRGINIA RAGGI SINDAC,DANIELA ROSA BASILE
CULTURA E INNOVAZIONE ROMA ECOLOGISTA VIRGINIA RAGGI SINDAC,SANDRA ABBONDANDOLO
CULTURA E INNOVAZIONE ROMA ECOLOGISTA VIRGINIA RAGGI SINDAC,MASSIMO DI CAMILLO
CULTURA E INNOVAZIONE ROMA ECOLOGISTA VIRGINIA RAGGI SINDAC,CLOTILDE PICHIERRI
CULTURA E INNOVAZIONE ROMA ECOLOGISTA VIRGINIA RAGGI SINDAC,MARTINA MISTRETTA
CULTURA E INNOVAZIONE ROMA ECOLOGISTA VIRGINIA RAGGI SINDAC,ANNAMARIA CENTOLA
CULTURA E INNOVAZIONE ROMA ECOLOGISTA VIRGINIA RAGGI SINDAC,SALLY MASCARO
IL POPOLO DELLA FAMIGLIA NO GENDER NELLE SCUOLE,CARLO DELL'OLMO
IL POPOLO DELLA FAMIGLIA NO GENDER NELLE SCUOLE,SARA GREFFI
IL POPOLO DELLA FAMIGLIA NO GENDER NELLE SCUOLE,ALBA MOSCATELLI
IL POPOLO DELLA FAMIGLIA NO GENDER NELLE SCUOLE,EDOARDO SANGERMANO
IL POPOLO DELLA FAMIGLIA NO GENDER NELLE SCUOLE,DANIELA BIZZARRI
IL POPOLO DELLA FAMIGLIA NO GENDER NELLE SCUOLE,FRANCESCA DI PISA
IL POPOLO DELLA FAMIGLIA NO GENDER NELLE SCUOLE,CRISTIANO FIORI
IL POPOLO DELLA FAMIGLIA NO GENDER NELLE SCUOLE,ELISABETTA MACRINA
IL POPOLO DELLA FAMIGLIA NO GENDER NELLE SCUOLE,EMILIA MARANO
IL POPOLO DELLA FAMIGLIA NO GENDER NELLE SCUOLE,FABIO MASTELLONE
IL POPOLO DELLA FAMIGLIA NO GENDER NELLE SCUOLE,ALESSANDRA MONDELLI
IL POPOLO DELLA FAMIGLIA NO GENDER NELLE SCUOLE,ELENA PESCATORI
IL POPOLO DELLA FAMIGLIA NO GENDER NELLE SCUOLE,FRANCESCO RICCARDI
IL POPOLO DELLA FAMIGLIA NO GENDER NELLE SCUOLE,LUIGINA SALVATORE
IL POPOLO DELLA FAMIGLIA NO GENDER NELLE SCUOLE,FRANCESCO MARIA SANNA
IL POPOLO DELLA FAMIGLIA NO GENDER NELLE SCUOLE,BRUNA TIMPERI
POTERE AL POPOLO,GIORGIO SQUILLONI
POTERE AL POPOLO,CARLA SEGANTINI
POTERE AL POPOLO,IVAN VISENTINI
POTERE AL POPOLO,FEDERICA PAGLIA
POTERE AL POPOLO,NORMA RAY FRANCO
POTERE AL POPOLO,FRANCESCO ROSSI
POTERE AL POPOLO,MATTIA SANTANDREA
POTERE AL POPOLO,ALESSANDRA STAROCCI
POTERE AL POPOLO,PAOLA SALVI
POTERE AL POPOLO,ANGELO D'ARCANGELI
POTERE AL POPOLO,BEATRICE GAMBERINI
POTERE AL POPOLO,FRANCESCA LINI
POTERE AL POPOLO,PASQUALE CARNEVALE
POTERE AL POPOLO,FULVIO PARISI
POTERE AL POPOLO,ALESSANDRA BAIOCCHI
POTERE AL POPOLO,ANTONIO MANFREDI
ROMA TI RIGUARDA BERDINI SINDACO PARTITO DEL SUD,ROCCO MARCELLO BALSANO
ROMA TI RIGUARDA BERDINI SINDACO PARTITO DEL SUD,DIEGO BECHERELLI
ROMA TI RIGUARDA BERDINI SINDACO PARTITO DEL SUD,MARIA PIA BRESSI
ROMA TI RIGUARDA BERDINI SINDACO PARTITO DEL SUD,CARMELA BRUNETTI
ROMA TI RIGUARDA BERDINI SINDACO PARTITO DEL SUD,PATRIZIA CECCONI
ROMA TI RIGUARDA BERDINI SINDACO PARTITO DEL SUD,GIORGIO OMAR CERIANI
ROMA TI RIGUARDA BERDINI SINDACO PARTITO DEL SUD,FRANCESCO CHICARELLA
ROMA TI RIGUARDA BERDINI SINDACO PARTITO DEL SUD,ROSARIA ANNA LUCIA CIARMOLI
ROMA TI RIGUARDA BERDINI SINDACO PARTITO DEL SUD,IVANA CORINTI
ROMA TI RIGUARDA BERDINI SINDACO PARTITO DEL SUD,MARCO DEL BUFALO
ROMA TI RIGUARDA BERDINI SINDACO PARTITO DEL SUD,FRANCESCO DI BELLA
ROMA TI RIGUARDA BERDINI SINDACO PARTITO DEL SUD,ALDO DONINELLI
ROMA TI RIGUARDA BERDINI SINDACO PARTITO DEL SUD,COSTANZA FARANDA
ROMA TI RIGUARDA BERDINI SINDACO PARTITO DEL SUD,ANTONIO GUGLIANTINI
ROMA TI RIGUARDA BERDINI SINDACO PARTITO DEL SUD,GIOVANNI GUGLIANTINI
ROMA TI RIGUARDA BERDINI SINDACO PARTITO DEL SUD,HERTA MANENTI
ROMA TI RIGUARDA BERDINI SINDACO PARTITO DEL SUD,VITO MELONI
ROMA TI RIGUARDA BERDINI SINDACO PARTITO DEL SUD,STEFANO RUGGIERI
